Tochi_1999_HyakuMan_per_Tsubo,Tochi_2010_HyakuMan_per_Tsubo,Tochi_2020_HyakuMan_per_Tsubo,JinkouMitsudo_SenNin_per_km2,City,Block
7.9,3.8,6.4,2,City_C,132
7.7,3.8,6.7,2.2,City_C,118
7.7,2.6,6.9,2.3,City_C,119
7.7,2.8,6.7,2,City_C,123
7.7,3,6.1,2.3,City_C,136
7.6,3,6.6,2.1,City_C,106
7.4,2.8,6.1,1.9,City_C,131
7.3,2.9,6.3,1.8,City_C,108
7.2,3.6,6.1,2.5,City_C,110
7.2,3.2,6,1.8,City_C,126
7.2,3,5.8,1.6,City_C,130
7.1,3,5.9,2.1,City_C,103
7,3.2,4.7,1.4,City_B,51
6.9,3.1,4.9,1.5,City_B,53
6.9,3.2,5.7,2.3,City_C,121
6.9,3.1,5.4,2.1,City_C,140
6.9,3.1,5.1,2.3,City_C,142
6.8,2.8,4.8,1.4,City_B,77
6.8,3,5.5,2.1,City_C,113
6.8,3.2,5.9,2.3,City_C,144
6.7,3.1,4.4,1.4,City_B,66
6.7,3,5,1.7,City_B,78
6.7,3.1,4.7,1.5,City_B,87
6.7,2.5,5.8,1.8,City_C,109
6.7,3.3,5.7,2.1,City_C,125
6.7,3.1,5.6,2.4,City_C,141
6.7,3.3,5.7,2.5,City_C,145
6.7,3,5.2,2.3,City_C,146
6.6,2.9,4.6,1.3,City_B,59
6.6,3,4.4,1.4,City_B,76
6.5,2.8,4.6,1.5,City_B,55
6.5,3,5.8,2.2,City_C,105
6.5,3.2,5.1,2,City_C,111
6.5,3,5.5,1.8,City_C,117
6.5,3,5.2,2,City_C,148
6.4,3.2,4.5,1.5,City_B,52
6.4,2.9,4.3,1.3,City_B,75
6.4,2.7,5.3,1.9,City_C,112
6.4,3.2,5.3,2.3,City_C,116
6.4,2.8,5.6,2.1,City_C,129
6.4,2.8,5.6,2.2,City_C,133
6.4,3.1,5.5,1.8,City_C,138
6.3,3.3,4.7,1.6,City_B,57
6.3,2.5,4.9,1.5,City_B,73
6.3,2.3,4.4,1.3,City_B,88
6.3,3.3,6,2.5,City_C,101
6.3,2.9,5.6,1.8,City_C,104
6.3,2.7,4.9,1.8,City_C,124
6.3,2.8,5.1,1.5,City_C,134
6.3,3.4,5.6,2.4,City_C,137
6.3,2.5,5,1.9,City_C,147
6.2,2.2,4.5,1.5,City_B,69
6.2,2.9,4.3,1.3,City_B,98
6.2,2.8,4.8,1.8,City_C,127
6.2,3.4,5.4,2.3,City_C,149
6.1,2.9,4.7,1.4,City_B,64
6.1,2.8,4,1.3,City_B,72
6.1,2.8,4.7,1.2,City_B,74
6.1,3,4.6,1.4,City_B,92
6.1,3,4.9,1.8,City_C,128
6.1,2.6,5.6,1.4,City_C,135
6,2.2,4,1,City_B,63
6,2.9,4.5,1.5,City_B,79
6,2.7,5.1,1.6,City_B,84
6,3.4,4.5,1.6,City_B,86
6,2.2,5,1.5,City_C,120
6,3,4.8,1.8,City_C,139
5.9,3,4.2,1.5,City_B,62
5.9,3.2,4.8,1.8,City_B,71
5.9,3,5.1,1.8,City_C,150
5.8,4,1.2,0.2,City_A,15
5.8,2.7,4.1,1,City_B,68
5.8,2.7,3.9,1.2,City_B,83
5.8,2.6,4,1.2,City_B,93
5.8,2.7,5.1,1.9,City_C,102
5.8,2.8,5.1,2.4,City_C,115
5.8,2.7,5.1,1.9,City_C,143
5.7,4.4,1.5,0.4,City_A,16
5.7,3.8,1.7,0.3,City_A,19
5.7,2.8,4.5,1.3,City_B,56
5.7,2.6,3.5,1,City_B,80
5.7,3,4.2,1.2,City_B,96
5.7,2.9,4.2,1.3,City_B,97
5.7,2.8,4.1,1.3,City_B,100
5.7,2.5,5,2,City_C,114
5.6,2.9,3.6,1.3,City_B,65
5.6,3,4.5,1.5,City_B,67
5.6,2.5,3.9,1.1,City_B,70
5.6,3,4.1,1.3,City_B,89
5.6,2.7,4.2,1.3,City_B,95
5.6,2.8,4.9,2,City_C,122
5.5,4.2,1.4,0.2,City_A,34
5.5,3.5,1.3,0.2,City_A,37
5.5,2.3,4,1.3,City_B,54
5.5,2.4,3.8,1.1,City_B,81
5.5,2.4,3.7,1,City_B,82
5.5,2.5,4,1.3,City_B,90
5.5,2.6,4.4,1.2,City_B,91
5.4,3.9,1.7,0.4,City_A,6
5.4,3.7,1.5,0.2,City_A,11
5.4,3.9,1.3,0.4,City_A,17
5.4,3.4,1.7,0.2,City_A,21
5.4,3.4,1.5,0.4,City_A,32
5.4,3,4.5,1.5,City_B,85
5.3,3.7,1.5,0.2,City_A,49
5.2,3.5,1.5,0.2,City_A,28
5.2,3.4,1.4,0.2,City_A,29
5.2,4.1,1.5,0.1,City_A,33
5.2,2.7,3.9,1.4,City_B,60
5.1,3.5,1.4,0.2,City_A,1
5.1,3.5,1.4,0.3,City_A,18
5.1,3.8,1.5,0.3,City_A,20
5.1,3.7,1.5,0.4,City_A,22
5.1,3.3,1.7,0.5,City_A,24
5.1,3.4,1.5,0.2,City_A,40
5.1,3.8,1.9,0.4,City_A,45
5.1,3.8,1.6,0.2,City_A,47
5.1,2.5,3,1.1,City_B,99
5,3.6,1.4,0.2,City_A,5
5,3.4,1.5,0.2,City_A,8
5,3,1.6,0.2,City_A,26
5,3.4,1.6,0.4,City_A,27
5,3.2,1.2,0.2,City_A,36
5,3.5,1.3,0.3,City_A,41
5,3.5,1.6,0.6,City_A,44
5,3.3,1.4,0.2,City_A,50
5,2,3.5,1,City_B,61
5,2.3,3.3,1,City_B,94
4.9,3,1.4,0.2,City_A,2
4.9,3.1,1.5,0.1,City_A,10
4.9,3.1,1.5,0.2,City_A,35
4.9,3.6,1.4,0.1,City_A,38
4.9,2.4,3.3,1,City_B,58
4.9,2.5,4.5,1.7,City_C,107
4.8,3.4,1.6,0.2,City_A,12
4.8,3,1.4,0.1,City_A,13
4.8,3.4,1.9,0.2,City_A,25
4.8,3.1,1.6,0.2,City_A,31
4.8,3,1.4,0.3,City_A,46
4.7,3.2,1.3,0.2,City_A,3
4.7,3.2,1.6,0.2,City_A,30
4.6,3.1,1.5,0.2,City_A,4
4.6,3.4,1.4,0.3,City_A,7
4.6,3.6,1,0.2,City_A,23
4.6,3.2,1.4,0.2,City_A,48
4.5,2.3,1.3,0.3,City_A,42
4.4,2.9,1.4,0.2,City_A,9
4.4,3,1.3,0.2,City_A,39
4.4,3.2,1.3,0.2,City_A,43
4.3,3,1.1,0.1,City_A,14